description,repro_steps,solved,commit
"Dialogs taller than the screen opened with their buttons off screen: DialogWindow was SizeToContent with no size cap and no scrolling","1366x768 at 125 % (or 1920x1080 at 100 % with 4+ sale lines): open Nova venda -> Cobrar is below the bottom edge; same for the appointment, worker and cash-out dialogs",yes,0beda43
"Appointment dialog about 1200 DIP wide, wider than small laptop screens","1280x800 or 1366x768 at 125 %: Agenda > Nova cita -> the right part of the week picker is off screen",yes,0beda43
"Client record: a long client name is cut off in the title, and history dates are truncated","Any screen: open the record of a client with a long name -> title and dd/MM/yyyy dates cut off",yes,0beda43
"Owner mode: the Lock button at the bottom of the navigation is cut off","1366x768 at 125 %: open owner mode -> Bloquejar only partly visible, no way to scroll to it",yes,c599c21
"Sales page: Client and Concept columns collapse to zero width; filter labels and Netejar filtres clipped","1366x768 at 100 % or smaller: Vendes -> Client and Concepte columns empty",yes,c599c21
"Home and Till summary cards clip four-digit amounts","1366x768 at 100 %: Home in owner mode with more than 1.000 EUR charged today -> figure cut off",yes,c599c21
"Agenda: date range squeezed to nothing in the toolbar; fixed 400 DIP day panel crushes the week grid","1280x800 at 125 %: Agenda, open a day in the week view -> no range title, day columns about 50 DIP",yes,c599c21
"Reports: ranking names cut off and the sales chart loses its latest months","1366x768 at 125 %: Informes -> client names cut, last bars missing",yes,c599c21
"Names shortened with no tooltip (client browser rows, workers weekly overview); Spanish headers too narrow in Reports and Catalog","Spanish, any screen: Informes worker ranking 'Ventas atendidas' cut off",yes,c599c21
"Catalan week range reads 'de octubre' instead of 'd'octubre' (no elision before a vowel)","Catalan: Agenda in a week inside October -> '8 – 10 de octubre 2026'",no,
"Closing the app threw InvalidOperationException (Close while a Window is closing) when the day's backup was already done","Close the app once (backup taken), reopen, close again -> crash in MainWindow.OnClosing: the no-backup path completes synchronously and Close() runs inside Closing",yes,
"Sale dialog crashed (NullReferenceException) on + Servei / + Producte with nothing picked in the combo next to it","Nova venda -> leave the service combo empty -> click + Servei (same with + Producte)",yes,
"With the language set to Spanish only the navigation was in Spanish; every page stayed in Catalan (the Windows language). Texts used the thread culture, which WPF puts back to the Windows one after the startup operation that set the language","Configuració -> Idioma -> Castellà, restart -> sidebar in Spanish, page content (e.g. Configuració) in Catalan",yes,
